product_id,title,product_description,final_price,ratings_count,total_amount
8376765,Lino Perros,Women Navy Blue Solid Backpack,3995.0,15,59925.0
9136281,Tommy Hilfiger,Unisex Navy Blue Striped Backpack,2899.0,67,194233.0
17633752,Lavie,Aries Women Pink Mini Backpack,2999.0,226,677774.0
1376949,F Gear,Unisex Navy & Grey Printed Burner Backpack,1675.0,1052,1762100.0
13939916,MYTRIDENT,Men Blue Solid Bath Robe,2899.0,12,34788.0
17198778,H&M,Beige & Tan Solid Stoneware Soap Dispenser,1399.0,42,58758.0
19851824,AVI Living,Grey Solid 500 GSM Pure Cotton Bath Towel,1399.0,5,6995.0
18602872,My Room,Yellow & Green Floral 140 TC King Bedsheet with 2 Pillow Covers,2999.0,10,29990.0
18602850,My Room,Ethnic Print 144 TC Super King Bedsheet with 2 Pillow Covers,2999.0,22,65978.0
8961147,Story@home,Pink & White Floral 160 TC Cotton 1 King Bedsheet with 2 Pillow Covers,2199.0,7,15393.0
8430275,MYTRIDENT,Sea Green Floral Flat 120 TC Cotton 1 Queen Bedsheet with 2 Pillow Covers,2199.0,26,57174.0
18492504,ROMEE,Blue & Beige Conversational 160 TC King Bedsheet with 2 Pillow Covers,3499.0,10,34990.0
13729978,DDecor,White & Brown Floral 350 TC Cotton 1 King Bedsheet with 2 Pillow Covers,1599.0,15,23985.0
19788630,Home Ecstasy,140tc Pure Cotton printed Teal Blue Single Bedsheet with 1 Pillow Cover,1199.0,6,7194.0
20296382,DREAM WEAVERZ,Grey & Coral Printed 220 TC Glazed Cotton King Bedsheet with 2 Pillow Covers,2599.0,18,46782.0
18346134,Arrabi,Pink & Grey Striped 300 TC King Cotton Bedsheet With 2 Pillow Covers,6329.0,12,75948.0
22409156,Kastner,Women Textured Tang Slim Belt,223.0,9,2007.0
18985918,Tommy Hilfiger,Women Navy Blue Embroidered High-Neck Pure Cotton Bodysuit,1799.0,11,19789.0
22120138,Ed-a-Mamma Baby,Infant Boys Pack Of 2 Printed Pure Cotton Bodysuit,699.0,5,3495.0
1728397,Mactree,Men Brown Solid Mid-Top Flat Boots,1087.0,1727,1877249.0
21427828,London Rag,Women Stiletto Heeled High-Top Boots,3839.0,4,15356.0
17372928,The Souled Store,Men Blue & White Abstract Printed Boxers,367.0,22,8074.0
15115018,Jockey,Non-Wired Non-Padded Combed Cotton Workout Bra 1376-0105,579.0,1582,915978.0
22063882,GROVERSONS Paris Beauty,Non Padded Cotton Seamless Non-Wired T-shirt Bra,299.0,25,7475.0
19219450,Susie,Black Solid Cotton T-Shirt Bra - Anti-Odour,374.0,12,4488.0
22196924,Zivame,Underwired Lightly Padded Pushup Bra,499.0,118,58882.0
19219468,Susie,Women  Black Solid Everyday Cotton Bra,398.0,6,2388.0
19277544,Marks & Spencer,BOUTIQUE X DAMARIS Navy Blue Underwired Lightly Padded Balconette Bra,2249.0,24,53976.0
18223842,max,Plus Size Non Padded Bra,449.0,37,16613.0
18656766,VStar,Beige Solid T-Shirt Bra,345.0,5,1725.0
18656764,VStar,Grey Solid T-Shirt Bra,345.0,6,2070.0
13523458,shyaway,Multicoloured Set of 3 Printed Underwired Lightly Padded Everyday Bra shya-com-217,2547.0,6,15282.0
18652628,max,Sea Green & Blue Floral Bra Lightly Padded SU22PDNW08MIST,649.0,5,3245.0
17774350,Zivame,Pink Lightly Padded T-shirt Bra,995.0,9,8955.0
16704504,ZINU,Women Silver-Toned Brass Cubic Zirconia Rhodium-Plated Charm Bracelet,384.0,7,2688.0
21873792,KARATCART,Cubic Zirconia Silver-Plated Wraparound Bracelet,815.0,5,4075.0
21573578,Jewels Galaxy,Women Brass Gold-Plated Bangle-Style Bracelet,305.0,24,7320.0
18100576,MINUTIAE,Women Gold-Toned & White Brass Crystals Handcrafted Gold-Plated Bangle-Style Bracelet,1499.0,13,19487.0
16696094,Van Heusen,Men Swift Dry High Stretch Mesh AIR Series Active Briefs 8905325842743,649.0,192,124608.0
21867416,DressBerry,Women Boy Shorts Brief,215.0,14,3010.0
21850852,Soie,Women High Waist Full Coverage Lace Brief,370.0,14,5180.0
21569986,Chromozome,Men Pack of 4 Premium Pure Cotton Mini Briefs 8902733625630-MULTI 9,395.0,18,7110.0
19206416,ABELINO,Women Set of 3 Assorted Cotton Boy Shorts Briefs PANTY3PCPLAINBOYSHORTS01,379.0,14,5306.0
22196594,Zoiro,Men Pack Of 2 Anti-Bacterial Basic Briefs,499.0,6,2994.0
22196914,Zivame,Women Pack Of 3 Low-Rise Ultra Soft Bikini Briefs,399.0,5,1995.0
21906602,bummer,Women Printed Micro Modal Mid Rise Boy Shorts,449.0,23,10327.0
13889998,XYXX,Men Grey Solid Ultra-Soft Antimicrobial Basic Briefs XYBRF56,249.0,202,50298.0
22436508,Bruchi CLUB,Men Low-Rise Anti-Bacterial Basic Briefs,310.0,4,1240.0
21877640,DressBerry,Shoulder Straps Pure Cotton Camisole,230.0,14,3220.0
18882294,VStar,Women White Solid Modern Fit Deep Neckline  Camisoles,265.0,10,2650.0
13669894,Vastraa Fusion,Unisex Maroon Solid Woollen Afghani Pakol Cap,1699.0,13,22087.0
16281444,Bharatasya,Women White & Black Woolen Earwarmer Headband,223.0,7,1561.0
20129438,Skechers,Men Blue Textured Sneakers,7799.0,11,85789.0
18506050,Bata,Women Black Woven Design Slip-On Sneakers,539.0,86,46354.0
21739362,Prolific,Men Printed LightWeight Mid Top Sneakers,771.0,8,6168.0
21903832,U.S. Polo Assn.,Women Perforated Sneakers,3224.0,16,51584.0
21651940,HIGHLANDER,Men Black Woven Design Sneakers,569.0,25,14225.0
21321784,San Frissco,Men  Colourblocked Sneakers,1678.0,6,10068.0
21907914,MOZAFIA,Men Canvas Mid-Top Lace-Up Sneakers,799.0,225,179775.0
21497770,Puma,Men Sneakers,2249.0,111,249639.0
21169272,HRX by Hrithik Roshan,Men Skate Street Sneaker,1649.0,107,176443.0
13643492,WROGN,Men Brown Leather Loafers,3599.0,58,208742.0
13638220,FAUSTO,Men Brown Textured Loafers,999.0,6,5994.0
13638232,FAUSTO,Men Tan Brown Solid Velvet Loafers,1299.0,4,5196.0
18489168,TOMS,Women Red Solid Alpargata Canvas Slip-On Sneakers,4999.0,6,29994.0
18091436,HIGHLANDER,PRINTED CANVAS SNEAKERS,659.0,51,33609.0
17312062,Clarks,Men Blue Nubuck Penny Loafers,6999.0,31,216969.0
17314086,EVERLY,Women Beige Textured Wedge Mules,899.0,79,71021.0
17312144,Clarks,Men Black Perforations Nubuck Derbys,7149.0,3,21447.0
16284648,Crew STREET,Women Sea Green Woven Design Slip-On Sneakers,1394.0,41,57154.0
19103830,PUMA Motorsport,Unisex Black Perforations BMW MMS Neo Cat Regular Sneakers,4199.0,157,659243.0
21937664,Cortina,Black & Beige 4 Pcs Ethnic Motif Printed Super Stretchable Chair Cover,935.0,15,14025.0
16712992,Cutiekins,Girls Pink & White Printed Top with Shorts,719.0,454,326426.0
21836198,Nottie Planet,Boys Printed T-shirt with Shorts,314.0,13,4082.0
18193844,Rubans,Cream-Coloured & Gold-Toned Embellished Embroidered Potli Clutch,1980.0,25,49500.0
16694464,Ahalyaa,Women Stunning Blue Printed Top with Solid Skirt,1700.0,195,331500.0
18494054,Home Sizzler,Green & Cream-Coloured Set of 2 Floral Window Curtain,399.0,48,19152.0
16185546,ellementry,Gold-Toned 2 Pieces Stainless Steel Matte Spoon,1750.0,5,8750.0
15174886,MIAH Decor,Cream-Coloured & Green 2 Pieces Handcrafted Ceramic Matte Bowls,359.0,6,2154.0
21664722,Curvy Clan,Colourblocked A-Line Cotton Maxi Dress,2999.0,3,8997.0
21426422,Trendyol,Black Maxi Dress,2419.0,10,24190.0
21238004,COVER STORY,Embellished Shoulder Straps Velvet Sheath Dress,2094.0,24,50256.0
21426632,Trendyol,Floral Printed Shoulder strap A-Line Mini Dress,2519.0,35,88165.0
21673378,RACHNA,Floral Print Flared Sleeve Crepe A-Line Mini Dress,628.0,4,2512.0
21665324,Harpa,Sweetheart Neck Puff Sleeves Sheath Dress,899.0,4,3596.0
21664854,aarke Ritu Kumar,Cotton A-Line Dress,1540.0,6,9240.0
21664974,Label Ritu Kumar,Candy Striped Pure Cotton Wrap Dress,3150.0,7,22050.0
21664840,aarke Ritu Kumar,Floral Georgette A-Line Midi Dress,2450.0,6,14700.0
21980370,Tokyo Talkies,Mini A-Line Dress,335.0,26,8710.0
22004792,WoowZerz,Button Detailed Mini Blazer Dress,1247.0,26,32422.0
21979790,Vishudh,Floral Printed A-Line Midi Dress,471.0,55,25905.0
18962890,Athena,Fuchsia Solid Asymmetric Hem A-Line Maxi Dress,899.0,34,30566.0
19027298,DressBerry,Girls Pink & Navy Blue Floral Printed Shirt Collar Fit & Flare Dress,884.0,40,35360.0
18962984,Athena,Burgundy Off-Shoulder Scrunchie Bodycon Dress,799.0,236,188564.0
18951626,Berrylush,Women Green Solid Twist & Knot Dress,398.0,60,23880.0
18816460,Ethnovog,Women Navy Blue Velvet A-Line Made To Measure Dress with Jacket,3757.0,6,22542.0
18944812,DRAAX Fashions,Pink Chiffon Fit and Flare Dress,2399.0,8,19192.0
18977246,AURELIA,Blue Ethnic Motifs Maxi Dress,1750.0,140,245000.0
18803110,Athena Girl,Yellow Floral Dress,597.0,6,3582.0
18962990,Athena,Teal Blue Side Gathered Maxi Dress,849.0,35,29715.0
18951632,Berrylush,Women White Floral Pattern Play Dress,379.0,69,26151.0
18956684,Forevermore,Mustard Yellow Chiffon Embroidred Ruffle Tiered Midi Dress,1599.0,5,7995.0
18981160,Amydus,Blue & Orange Floral Wrap Dress,2799.0,43,120357.0
18962952,Athena,Lavender Solid Accordion Pleats Wrap Dress,1119.0,3797,4248843.0
18207844,H&M,Women Blue Linen-blend Shirt Dress,1999.0,7,13993.0
15736838,U&F,Black Solid Maxi Dress,679.0,1023,694617.0
15788324,Tokyo Talkies,Blue Off-Shoulder Maxi Dress,475.0,347,164825.0
15691054,QUIERO,Women Alluring Grey Polka Dots Trapeze Dress,940.0,7,6580.0
15691070,QUIERO,Women Beautiful Orange Abstract Tiered Dress,987.0,474,467838.0
13770986,all about you,Black Solid Midi Halter Neck Fit and Flare Dress,2999.0,38,113962.0
17586858,RARE,Women Orange Georgette A-Line Midi Dress,809.0,23,18607.0
17692606,Style Quotient,Women Navy Blue Solid Cut-Out Detail Sheath Midi Dress,892.0,12,10704.0
17592092,U&F,Women Stylish Mustard Solid All in the Details Dress,753.0,7,5271.0
17661682,Tokyo Talkies,Lavender Cut Outs Sheath Mini Dress,340.0,13,4420.0
17692718,Style Quotient,Women Tranquil Teal Solid Halter Neck Dress,495.0,8,3960.0
17194598,Tokyo Talkies,Women Charming Purple Solid Dress,437.0,48,20976.0
17194592,Tokyo Talkies,Women Stunning Blue Solid Dress,367.0,240,88080.0
18207478,Tokyo Talkies,Women Gorgeous Green Solid Dress,279.0,333,92907.0
19032542,BUY NEW TREND,Black & brown Off-Shoulder Georgette Dress,749.0,8,5992.0
18996672,Bella Moda,Girls Yellow & Navy Blue Fit and Flare Dress,605.0,8,4840.0
15191784,Kazo,Green Halter Neck Peplum Maxi Dress,1476.0,35,51660.0
19213200,Label Ritu Kumar,Cream-Coloured & Blue Ethnic Motifs Georgette A-Line Dress,3120.0,5,15600.0
19213186,Label Ritu Kumar,Solid Tiered Maxi Dress,4830.0,7,33810.0
20040576,U&F,Olive Green Crepe Maxi Dress,927.0,23,21321.0
19987092,Vastralay,Grey & Black Tie and Dye Dyed Midi Dress,659.0,17,11203.0
10054817,Veni Vidi Vici,Women Mustard Yellow Bodycon Dress,756.0,110,83160.0
10054855,Veni Vidi Vici,Solid Olive Green Ruched Bodycon Dress,756.0,389,294084.0
10691426,SASSAFRAS,Black & Beige Ikat Print Cotton Shirt Dress,769.0,4441,3415129.0
20040566,U&F,Women Plus Size Turquoise Blue Floral Printed Crepe Maxi Dress,869.0,8,6952.0
18963006,Athena,Purple Off-Shoulder Scrunchie Bodycon Dress,799.0,45,35955.0
19513066,Stylecast X Hersheinbox,Floral Fit & Flare Dress With Gathered Details,2559.0,11,28149.0
13703862,Style Quotient,Women Olive Green Solid Shirt Dress,507.0,46,23322.0
18975316,Berrylush,Women  Off-White Striped Knits Bits Dress,640.0,31,19840.0
21664826,aarke Ritu Kumar,Floral Layered Chiffon A-Line Dress,1960.0,6,11760.0
21242962,Tommy Hilfiger,Sustainable Pure Cotton Denim Shirt Dress With Cut-Outs Detail,5699.0,9,51291.0
21653646,ONLY,Floral Printed A-Line Dress,1319.0,5,6595.0
20022902,Slenor,Women Embellished Georgette Midi Dress,1475.0,10,14750.0
20046216,YK Disney,Girls Minnie Mouse Graphic Printed A-Line T-shirt Dress,329.0,7,2303.0
22616192,Oomph!,Square Neck A-Line Dress,495.0,7,3465.0
13391600,Mast & Harbour,Women Navy Blue & White Striped A-Line Dress,524.0,200,104800.0
22590642,YU by Pantaloons,Round Neck Schiffli Tiered Cotton A-Line Dress,719.0,12,8628.0
13572604,Tokyo Talkies,Women Green Self Design Sheath Dress,1799.0,58,104342.0
13649832,all about you,Black & Mustard Yellow Printed A-Line Dress,1999.0,56,111944.0
13487998,THREAD MUSTER,Women Maroon Solid Maxi Dress,2499.0,10,24990.0
13467444,Sugr,Women Green Solid Fit and Flare Dress,899.0,14,12586.0
13387584,Wish Karo,Girls Black & White Printed Fit and Flare Silk Dress (0-3 Months),699.0,11,7689.0
22634940,Rustorange,Floral Print Gathered or Pleated Fit and Flare Ethnic Dresses,1495.0,5,7475.0
22622806,HERE&NOW,Fit & Flare Midi Dress,989.0,22,21758.0
13558254,Tokyo Talkies,Women Peach-Coloured Printed Fit and Flare Dress,1349.0,934,1259966.0
13586840,all about you,Women Yellow Solid A-Line Midi Dress,1899.0,29,55071.0
13586818,all about you,Women Green Solid A-Line Dress,1899.0,208,394992.0
13406942,Global Desi,Girls Blue Embroidered A-Line Denim Dress,449.0,8,3592.0
1341220,Miss Chase,Black & White Striped Belted Dress,689.0,22,15158.0
13387582,Wish Karo,Girls Black Polka Dot Printed Fit and Flare Dress,743.0,18,13374.0
22638540,Oomph!,Floral Printed Ruffled Crepe Fit & Flare Dress,495.0,4,1980.0
13391540,Mast & Harbour,EcoVero Women Yellow & White Abstract Printed Tiered Shirt Dress,679.0,576,391104.0
13447736,DODO & MOA,Women Yellow & Blue Printed A-Line Midi Dress,1119.0,8,8952.0
13435624,Deewa,Women Navy Blue & Off-White Floral Print Maxi Dress,681.0,28,19068.0
13382036,plusS,Women Olive Green Accordion Pleated Midi A-Line Dress with Belt,322.0,623,200606.0
13449506,DOOR74,Women Black Solid Maxi Dress,719.0,7,5033.0
13411990,DODO & MOA,Women Teal Green Solid Off-Shoulder Fit and Flare Dress With Bell Sleeves,1046.0,6,6276.0
22590644,YU by Pantaloons,Shoulder Straps Schiffli Cotton A-Line Dress,643.0,17,10931.0
13375140,HOUSE OF KKARMA,Women Navy Blue Printed A-Line Dress,1224.0,17,20808.0
13398280,Zastraa,Women Grey Solid Sheath Dress,989.0,45,44505.0
13379612,THE SILHOUETTE STORE,Women Orange Solid Maxi Dress,1399.0,3,4197.0
22630128,NUEVOSDAMAS,Girls Polka Dot Printed Crepe Fit & Flare Dress,599.0,5,2995.0
22596522,Vero Moda,Shoulder Straps Cut Out Smocked A-Line Midi Dress,1329.0,12,15948.0
22619942,Styli,Burgundy Puff Sleeve Accordion Pleated Fit & Flare Midi Dress,1371.0,11,15081.0
12356000,KLEIO,Women Green Solid Vegan Quilted Unisex Gym Bag,3499.0,8,27992.0
12944214,Cherry Crumble,Boys Olive Green Solid Corduroy Dungarees,1429.0,11,15719.0
21656682,Dupatta Bazaar,Embroidered Dupatta with Sequinned,499.0,33,16467.0
22601210,Nimidiya,Leheriya Dyed Dupatta,399.0,13,5187.0
22601148,Nimidiya,Dupatta With taping Border,399.0,3,1197.0
22601132,Nimidiya,Dupatta With taping Border,399.0,9,3591.0
20195790,Dupatta Bazaar,Sequin Embroidered Net Dupatta,999.0,10,9990.0
12999996,Vishudh,Women Navy Blue Checked Dupatta,227.0,17,3859.0
15720652,Rubans,Silver-Toned Dome Shaped Studs Earrings,355.0,21,7455.0
15713414,Crunchy Fashion,White Contemporary Studs Earrings,639.0,22,14058.0
15750524,Priyaasi,Rose Gold-Plated Dome Shaped Jhumkas,2079.0,97,201663.0
15014966,Priyaasi,Gold-Toned & Gold Plated Contemporary Jhumkas Earrings,947.0,13,12311.0
10125243,KARATCART,White Gold-Plated Stone-Studded Beaded Chandelier Classic Drop Earrings,487.0,213,103731.0
10564232,PRITA BY PRIYAASI,Multicoloured Gold-Plated Beaded Handcrafted Circular Half Hoop Earrings,350.0,727,254450.0
10135431,Priyaasi,Green Gold-Plated Dome Shaped Jhumkas,500.0,347,173500.0
10125225,KARATCART,Peach-Coloured & Off-White Gold-Plated Stone-Studded Crescent Shaped Chandbalis,423.0,872,368856.0
10125241,KARATCART,Green Gold-Plated Beaded Enamelled Floral Chandbalis,307.0,22,6754.0
19925208,Yellow Chimes,Women Green & Gold Boho Dangle Chiffon Silk Layered Petal Hoop Earrings,433.0,14,6062.0
20064092,AMI,Set Of 25 Gold-Toned Gold Plated Contemporary Hoop & Stud Earrings,399.0,6,2394.0
17354670,ANIKAS CREATION,Gold-Plated White Contemporary Drop Earrings,1995.0,5,9975.0
20041906,KARATCART,Women Black Oxidised Classic Drop Earrings,605.0,9,5445.0
22601952,SOHI,Gold Plated Teardrop Shaped Drop Earrings,349.0,15,5235.0
22618882,Saraf RS Jewellery,Silver-Plated Contemporary Oxidised Drop Earrings,872.0,99,86328.0
14467848,GIVA,925 Sterling Silver Rhodium Plated Chain Hoop Earrings,1399.0,17,23783.0
14399558,Shoshaa,Silver-Plated & Pink Oxidised Drop Earrings,696.0,21,14616.0
19072820,FemNmas,Silver-Toned Classic Studs Earrings,249.0,5,1245.0
13402874,Crunchy Fashion,Black & Gold-Toned Contemporary Jhumkas,346.0,6,2076.0
13340876,Kord Store,Red Gold Plated Meenakari Classic Jhumkas,542.0,7,3794.0
12930940,TOKYO TALKIES X rubans FASHION ACCESSORIES,Gold-Plated & White Contemporary Drop Earrings,313.0,14,4382.0
12930744,ANIKAS CREATION,Blue Dome Shaped Jhumkas,483.0,16,7728.0
12928904,ANIKAS CREATION,Gold-Plated Drop Earrings with Multicoloured Set of 6 Changeable Stones,480.0,6,2880.0
21604464,Inddus,Pink Sheer Floral Embroidered Midi Ethnic Dress With Inner,2645.0,7,18515.0
21990058,Rustorange,Floral Printed A-Line Midi Ethnic Dress,1484.0,2,2968.0
21992820,PANIT,Embroidered Sequinned Georgette Fit And Flare Ethnic Maxi Dress,2319.0,14,32466.0
15741084,Ashnaina,Red Floral Crepe Tiered Maxi Dress,629.0,6,3774.0
15741088,Ashnaina,Women Brown Animal Midi Fit and Flare Dress,593.0,88,52184.0
15788632,AURELIA,Black Checked Empire Midi Dress,1380.0,14,19320.0
15749780,W,Women Mustard Yellow & White Ethnic Printed Maxi Ethnic Dress,1599.0,23,36777.0
16197802,Vishudh,Grey Floral Embroidered Ethnic Maxi Dress,853.0,609,519477.0
19197596,W,Blue Floral Chiffon A-Line Midi Dress,1420.0,10,14200.0
18922226,Ahalyaa,Off White Geometric Printed Maxi Dress,1591.0,8,12728.0
22411344,Juniper,Floral Embroidered Flared Cotton Midi Dress,1037.0,11,11407.0
19990734,VASTRAMAY,Girls Mustard Yellow Chikankari Cotton Ethnic Dress,974.0,9,8766.0
10127829,Geroo Jaipur,White & Red Floral Hand Block Printed Pure Cotton Sustainable Dress,999.0,6,5994.0
10132319,Karmic Vision,Women Grey & Red Solid Maxi Dress,2349.0,12,28188.0
13404948,YASH GALLERY,Women Black & White Cotton Printed A-Line Maternity Dress,935.0,67,62645.0
12994772,Souchii,Women Cream-Coloured Floral Printed A-Line Dress,1059.0,10,10590.0
13355452,Rangriti,Women Coral Pink & White Liva Checked A-Line Dress With Belt,1299.0,33,42867.0
13405888,Saanjh,Women Green Printed Fit and Flare Dress,787.0,7,5509.0
22603284,JAIPURI COLLECTION,Ethnic Motifs Printed Maxi Ethnic Dress,840.0,10,8400.0
22583702,Mialo fashion,Ethnic Printed Kaftan Dress,659.0,9,5931.0
15787112,Mamaearth,Oil-Free Face Moisturizer With Turmeric & Saffron For Skin Brightening  - 80 ml,280.0,903,252840.0
10075857,Organic Harvest,Spot Reduction Face Cream with Kakadu Plum & Almonds Extracts,676.0,9,6084.0
12926546,natural vibes,Unisex Ayurvedic Teatree Facewash 150ml,426.0,9,3834.0
18299664,Bata,Women Black Open Toe Flats,959.0,75,71925.0
19974396,FORVELA,Women Black Open Toe Flats,449.0,46,20654.0
16704788,Birkenstock,Unisex Regular Width Glamour Gold Gizeh Essentials Slide Sandals,4990.0,12,59880.0
21888172,Brauch,Embellished Pointed Toe Ballerinas,599.0,10,5990.0
21735080,Birkenstock,Women Gizeh Regular Width T-Strap Flats,6990.0,11,76890.0
21735014,Birkenstock,Women Madrid Big Buckle Narrow Width Nubuck Leather Open Toe Flats,9490.0,5,47450.0
21928414,Clarks,Open Toe T-Strap Flats,3499.0,11,38489.0
18638536,CODE by Lifestyle,Women White Embellished Mules Flats,1499.0,20,29980.0
13596626,Anouk,Women Gold-Toned & Beige Embellished One Toe Flats,2299.0,44,101156.0
13533588,Padvesh,Women Pink Textured Ballerinas,899.0,30,26970.0
21205620,Tommy Hilfiger,Women Printed Thong Flip-Flops,1559.0,8,12472.0
21497394,Puma,Unisex Mia V2 Printed Thong Flip-Flops,499.0,52,25948.0
18489598,Campus,Men Black & Red Striped Rubber Thong Flip-Flops,359.0,9,3231.0
18521180,Reebok,Women White & Purple Cuba Flip Thong Flip-Flops,999.0,75,74925.0
18504724,Bata,Men Black & White Sliders,449.0,48,21552.0
20124616,Duke,Men Printed Thong Flip-Flops,259.0,20,5180.0
19790160,toothless,Girls Pink & Green Printed Rubber Thong Flip-Flops,199.0,15,2985.0
18598106,Ginger by Lifestyle,Women Pink & White Printed Rubber Thong Flip-Flops,499.0,45,22455.0
13579258,HIGHLANDER,Men Blue & White Printed Sliders,798.0,83,66234.0
16168398,Bata,Women Brown Printed Room Slippers,449.0,38,17062.0
15134218,Paragon,Men Grey & Black Printed Rubber Thong Flip-Flops,329.0,66,21714.0
13639590,U.S. Polo Assn.,Men Conex Striped Sliders,749.0,4,2996.0
21431930,yoho,Men Rubber Comfortable Thong Flip-Flops,554.0,24,13296.0
21597086,Paragon,Women Stylish Outdoor Cushioned Lightweight Sliders,439.0,12,5268.0
13374206,Saral Home,White & Grey Geometric Patterned Multi-Use Dhurrie,659.0,7,4613.0
13374286,Saral Home,Blue Foor Mat,1459.0,7,10213.0
13374334,Saral Home,Green Solid Anti-Skid Floor Mat,1459.0,5,7295.0
1848495,Teakwood Leathers,Men Brown Leather Formal Shoes,4079.0,25,101975.0
21931392,Clarks,Men Leather Round Toe Formal Derbys,5999.0,7,41993.0
17755896,Red Tape,Men Black Solid Genuine Leather Formal Derbys,6899.0,265,1828235.0
21656954,Fashion Victim,Men Tassel Leather Formal Slip on Shoes,1119.0,6,6714.0
22609796,HERE&NOW,Men Black Perforated Formal Brogues,899.0,29,26071.0
13411744,CARLO ROMANO,Men Black Solid Burnish Leather Formal Shoes,2078.0,23,47794.0
21602846,SUGAR,Aquaholic Hydrating Foundation with Built-In Cushion Applicator 30ml - Latte 10,899.0,12,10788.0
14950128,YK,Kids Coffee Brown Striped Hand Gloves,349.0,62,21638.0
21996616,CHANDERKASH,Women Black Set of 4 Bumpit Hair Pin,479.0,2,958.0
22579802,DIAN,Women Set Of 10 Assorted Knot Hairband,440.0,8,3520.0
16721772,BodyHerbals,Anti-Static Wide Tooth Dressing Comb,335.0,14,4690.0
18584192,7 DAYS,"Vitamin C Face Scrub For Glowing Skin, With Walnut For Skin Illumination-100 g",219.0,13,2847.0
18584190,7 DAYS,100% Natural & Pure Amla Powder for Hair & Skin - 100 g,219.0,11,2409.0
21421856,Baggit,Dinosaur Textured PU Regular Structured Handheld Bag,796.0,5,3980.0
21421918,Baggit,Textured Handheld Bag,1039.0,18,18702.0
16696848,Accessorize,London Women Faux Leather Piper Sling bag,1648.0,38,62624.0
18200086,Caprese,Yellow Structured Shoulder Bag,924.0,59,54516.0
7743536,Lino Perros,Navy Blue Solid Shoulder Bag,4495.0,6,26970.0
7743355,Lino Perros,Blue Solid Shoulder Bag,3495.0,14,48930.0
8293015,Lychee bags,White Solid Sling Bag,1699.0,84,142716.0
17637810,Toteteca,Women Black PU Structured Shoulder Bag,3099.0,5,15495.0
17761230,Caprese,Red Leather Structured Shoulder Bag,3999.0,10,39990.0
15188034,Metro,Grey PU Swagger Sling Bag,1290.0,10,12900.0
21762808,Baggit,Structured Sling Bag,845.0,10,8450.0
21421996,Baggit,Studded Sling Bag,995.0,40,39800.0
21621752,Berrylush,Checked Structured Handheld Bag,1349.0,111,149739.0
13359482,FLYING BERRY,Silver-Toned Solid Handheld Bag,1679.0,7,11753.0
13389422,DailyObjects,Multicoloured Printed Sling Bag,1139.0,123,140097.0
13389410,DailyObjects,Pink & Beige Printed Sling Bag,1139.0,30,34170.0
22603262,DailyObjects,Charcoal Trunk Laptop Tote Bag,2999.0,6,17994.0
17743820,NOISE,"Beads White Truly Wireless Earbuds with 18hrs Playtime, and HyperSync",3499.0,97,339403.0
19219056,BLAUPUNKT,BH51 Wireless Earphones - Black,3999.0,11,43989.0
16193242,CrossBeats,Silver-Toned Solid Truly Wireless In-Ear Earbuds,9999.0,17,169983.0
13474452,Allen Solly,Women Tan Brown & Black Solid Block Heels,2299.0,14,32186.0
17647418,FOOTONS,Women Beige Comfort Sandals,3199.0,2,6398.0
13475738,TRASE,Women Brown Laser Cut Wedges,1599.0,39,62361.0
22217088,DressBerry,Open Back Flatform Heels,735.0,34,24990.0
22200396,Bruno Manetti,Textured Pointed Toes Block Pumps,1479.0,5,7395.0
19217010,Inc 5,Women Beige Embellished Ethnic Wedge Heels,2690.0,14,37660.0
22200418,Bruno Manetti,Embellished Open Toe Wedges,1399.0,8,11192.0
15120922,Anouk,Women White & Gold-Toned Block Heel Sandals,1079.0,25,26975.0
16276014,Iris,Brown & Black Home Fragrance Set,595.0,6,3570.0
16299490,Bodycare Kids,Bodycare Boys Pack Of 6 Assorted Cotton Ben 10 Basic Innerwear Vests,978.0,10,9780.0
22429820,YK Basics,Boys Pack of 5 Solid Pure Cotton Innerwear Vests,532.0,12,6384.0
19014822,mothercare,Boys Colourblocked Fleece Lined Padded Jacket,2624.0,7,18368.0
19015560,U.S. Polo Assn. Kids,Boys Yellow Solid Puffer Jacket,1424.0,40,56960.0
19020502,U.S. Polo Assn.,Men Red & Navy Blue Colourblocked Puffer Jacket,2960.0,338,1000480.0
19014828,mothercare,Infant Girls Pure Cotton Tailored Jacket,2249.0,15,33735.0
18976038,VOXATI,Men Olive Green Denim Jacket,1090.0,345,376050.0
19015652,U.S. Polo Assn. Kids,Girls Pink Self Design Bomber Jacket,1511.0,19,28709.0
19020536,U.S. Polo Assn.,U S Polo Assn Men Blue & White Colourblocked Long Sleeves Puffer Jacket,3499.0,91,318409.0
19020616,U.S. Polo Assn.,U S Polo Assn Men Beige & Black Colourblocked Puffer Jacket,3149.0,47,148003.0
19020478,U.S. Polo Assn.,Men Black & Teal Green Colourblocked Sleeveless Puffer Jacket,2759.0,150,413850.0
19020722,U.S. Polo Assn.,Men Yellow Solid Puffer Jacket,2999.0,64,191936.0
19837040,High Star,Women Olive Green Solid Crop Padded Jacket,3749.0,41,153709.0
19837008,High Star,Women Navy Blue Solid Parka Jacket,4549.0,32,145568.0
19020654,U.S. Polo Assn.,U S Polo Assn Men Black And Blue Colourblocked Hooded Puffer Jacket,3499.0,54,188946.0
14991614,Roadster,Men Green Brand Logo Detail Tailored Jacket,509.0,363,184767.0
16182066,People,Men Mustard Sleeveless Bomber Jacket,935.0,71,66385.0
19231126,Mast & Harbour,Women Brown PU Coated Biker Jacket,1439.0,31,44609.0
19987190,Peter England,Men White Solid Padded Jacket,1849.0,33,61017.0
19020564,U.S. Polo Assn.,Men Olive Green Bomber Jacket,2649.0,112,296688.0
19015534,U.S. Polo Assn. Kids,Girls Maroon Solid Puffer Jacket,1599.0,33,52767.0
19020450,U.S. Polo Assn.,U S Polo Assn Men Navy Blue Puffer Jacket,3249.0,96,311904.0
19020572,U.S. Polo Assn.,U S Polo Assn Men Olive Green Brand Logo Printed Bomber Jacket,2749.0,95,261155.0
14281506,HRX by Hrithik Roshan,HRX By Hrithik Roshan Lifestyle Men Medieval Blue Rapid-Dry Colourblock Jacket,3299.0,127,418973.0
11973216,Mast & Harbour,Women Navy Blue Solid Hooded Lightweight Bomber Jacket,2699.0,378,1020222.0
19020676,U.S. Polo Assn.,Men Charcoal Bomber Jacket,3134.0,85,266390.0
19020358,U.S. Polo Assn.,Men Navy Blue Bomber Jacket,2899.0,125,362375.0
19020568,U.S. Polo Assn.,Men White Navy Blue Solid Reversible Open Front Jacket,4199.0,199,835601.0
18973692,Levis,Men Blue 65504 Skinny Fit Mid Rise Light Fade Stretchable Jeans,4099.0,426,1746174.0
18973742,Levis,Men Blue Slim Fit Slash Knee Heavy Fade Stretchable Jeans,2287.0,182,416234.0
19008522,Calvin Klein Jeans,Women Straight Fit Pure Cotton Jeans,4799.0,14,67186.0
18974084,Levis,512 Men Navy Blue Slim Tapered Fit Mid-Rise Light Fade Clean Look Stretchable Jeans,1891.0,135,255285.0
18873126,KETCH,Men Charcoal Slim Fit Clean Look Light Fade Stretchable Jeans,629.0,20,12580.0
18826658,Chemistry,Women Navy Blue Casual Jeans,854.0,15,12810.0
18960426,Lee,Men Blue Rodeo Straight Fit Low Distress Heavy Fade Stretchable Jeans,1709.0,42,71778.0
18802522,BEAT LONDON by PEPE JEANS,Men Tapered Fit Low-Rise Heavy Fade Stretchable Jeans,1399.0,20,27980.0
18973648,Levis,Men Blue 511 Slim Fit Light Fade Stretchable Jeans,4099.0,290,1188710.0
18973888,Levis,Men Skinny Fit Heavy Fade Stretchable Jeans,4099.0,333,1364967.0
18973730,Levis,Men Blue 511 Slim Fit Mid Rise Light Fade Stretchable Jeans,4399.0,193,849007.0
18973948,Levis,Men Blue 512 Slim Tapered Fit Stretchable Jeans,3499.0,30,104970.0
19008496,Calvin Klein Jeans,Women Skinny Fit High-Rise Light Fade Stretchable Jeans,4799.0,8,38392.0
18992754,AMERICAN EAGLE OUTFITTERS,Women Grey Straight Fit High-Rise Highly Distressed Jeans,1799.0,5,8995.0
18973922,Levis,Men Blue 65504 Skinny Fit Mid Rise Light Fade Stretchable Jeans,4099.0,237,971463.0
18979610,KiddoPanti,Girls Grey No Fade Stretchable Cotton Jeans,671.0,7,4697.0
18675392,Jack & Jones,Men Blue Skinny Fit Mildly Distressed Heavy Fade Jeans,1749.0,81,141669.0
18973950,Levis,65504 Men Navy Blue Skinny Straight Fit Mid-Rise Light Fade Stretchable Jeans,2449.0,156,382044.0
18198558,FOREVER 21,Women Navy Blue Flared Light Fade Wide-leg Jeans,1799.0,6,10794.0
18094702,Roadster,The  Lifestyle Co Men Blue Slim Fit Mid-Rise Stretchable Jeans,2499.0,35,87465.0
19842706,Llak Jeans,Men Black Skinny Fit Light Fade Stretchable Jeans,2299.0,9,20691.0
13768634,Nautica,Men Black Slim Fit Stretchable Jeans,4999.0,16,79984.0
18973700,Levis,Men Blue 511 Slim Fit Heavy Fade Stretchable Jeans,4699.0,116,545084.0
18973728,Levis,Men 65504 Skinny Tapered Fit Jeans,4399.0,260,1143740.0
18903330,Levis,Women Blue Skinny Fit High-Rise Stretchable Jeans,1649.0,235,387515.0
18973740,Levis,Men Blue 512 Slim Tapered Fit Mid Rise Stretchable Jeans,4099.0,340,1393660.0
18953840,KETCH,Men Grey Slim Fit Heavy Fade Stretchable Jeans,607.0,24,14568.0
18969982,Allen Solly Junior,Boys Slim Fit Heavy Fade Stretchable Jeans,1169.0,6,7014.0
18953870,KETCH,Men Charcoal Tapered Fit Light Fade Stretchable Jeans,682.0,85,57970.0
19017664,Allen Solly Sport,Men Navy Blue Slim Fit Light Fade Jeans,1979.0,8,15832.0
18925586,KETCH,Men Charcoal Skinny Fit Mildly Distressed Stretchable Jeans,649.0,15,9735.0
18734066,Flying Machine,Men Blue Micheal Slim Fit Mid-Rise Light Fade Stretchable Jeans,1052.0,26,27352.0
18993370,Blackberrys,Men Navy Blue Slim Fit Stretchable Jeans,1647.0,29,47763.0
15190770,AMERICAN EAGLE OUTFITTERS,Women Blue Slim Fit High-Rise Light Fade Jeans,1599.0,6,9594.0
22005330,H&M,Women Slim Regular Ankle Jeans,2999.0,5,14995.0
15067844,Flying Machine,Men Blue Jackson Skinny Fit Low-Rise Heavy Fade Printed Stretchable Jeans,1199.0,69,82731.0
19059688,Flying Machine,Men Blue Slim Fit Light Fade Stretchable Jeans,1499.0,72,107928.0
18960434,Lee,Men Blue Bruce Skinny Fit Light Fade Stretchable Jeans,1999.0,34,67966.0
18925582,KETCH,Men Blue Bootcut Mildly Distressed Heavy Fade Stretchable Jeans,739.0,11,8129.0
18973952,Levis,Men Blue 517 Slim Fit Mid-Rise Stretchable Jeans,3499.0,329,1151171.0
18973778,Levis,Men Blue 517 Slim Bootcut Fit Light Fade Stretchable Jeans,2155.0,61,131455.0
18689340,Flying Machine,Women Black Wide Leg High-Rise Light Fade Cropped Jeans,1362.0,36,49032.0
18708638,Dennis Lingo,Men Black Slim Fit Low Distress Light Fade Stretchable Jeans,863.0,13,11219.0
18734000,Flying Machine,Men Blue Michael Slim Tapered Fit Heavy Fade Stretchable Jeans,1052.0,72,75744.0
18973790,Levis,Men Blue 512 Slim Tapered Fit Heavy Fade Jeans,2799.0,54,151146.0
21184968,HERE&NOW,Women Flared Heavy Fade Stretchable Jeans,767.0,111,85137.0
18734380,Flying Machine,Men Black Slim Tapered Micheal Fit Stretchable Jeans,2599.0,12,31188.0
18736356,H&M,Women Blue Ripped Boyfriend Low Regular Jeans,2024.0,40,80960.0
18903148,Levis,Women Blue 711 Skinny Fit Light Fade Stretchable Jeans,2027.0,150,304050.0
18734006,Flying Machine,Men Blue Jackson Skinny Fit Low-Rise Heavy Fade Stretchable Jeans,1249.0,42,52458.0
18928362,AMERICAN EAGLE OUTFITTERS,Women Blue Skinny Fit Mildly Distressed Light Fade Jeans,1799.0,9,16191.0
18964420,American Bull,Men Blue Skinny Fit Light Fade Jeans,1633.0,2,3266.0
18734132,Flying Machine,Men Blue Jackson Skinny Fit Low-Rise Heavy Fade Stretchable Jeans,974.0,62,60388.0
18973914,Levis,Men Blue 512 Slim Tapered Fit Mid Rise Light Fade Stretchable Jeans,2089.0,243,507627.0
15049188,Roadster,Pink & Black Geometric Printed Basic Smocked Detail Jumpsuit,692.0,50,34600.0
19841310,SHOWOFF,Women Solid Straight Red Kurta,1500.0,4,6000.0
17760672,Cayman,Women Blue Ethnic Motifs Printed Kurta,1345.0,11,14795.0
17656880,Vishudh,Women Blue Thread Work Straight Kurta,1499.0,43,64457.0
22214714,Nehamta,Striped Mandarin Collar Kurta,699.0,10,6990.0
16186258,Vishudh,Women Black Keyhole Neck Kurta,377.0,87,32799.0
22110424,VASTRADO,Ethnic Motifs Printed Mandarin Collar Pure Cotton Short Kurta,539.0,2,1078.0
18637234,House of Pataudi,Women Blue & Silver-Toned Ethnic Motifs Yoke Design Kurta,2499.0,85,212415.0
17627254,HERE&NOW,Women Blue Solid Pure Cotton Kurta,1599.0,131,209469.0
13562488,KSUT,Women Black & White Geometric Screen Print Mandarin Collar Pure Cotton Straight Kurta,1599.0,95,151905.0
17644540,Libas,Women Pink & Golden Yoke Design  Kurta,899.0,364,327236.0
13506804,Ishin,Women Teal Embellished Anarkali Cotton Kurta,5199.0,169,878631.0
18637284,House of Pataudi,Women Ethnic Motifs Embroidered Anarkali Jashn Kurta,3999.0,34,135966.0
19574714,Cayman,Women Black Floral Printed Woollen Kurta,5995.0,17,101915.0
19580226,DEVOILER,Men Coffee Brown Solid Kurta,2499.0,7,17493.0
19513786,Desi Mix,Women Sea Green Floral Printed Kurta,400.0,11,4400.0
12524816,HERE&NOW,Women Blue & Golden Ethnic Printed Straight Kurta,1199.0,937,1123463.0
12531668,INDYA,Women White & Pink Printed A-Line Layered Kurta,2900.0,10,29000.0
12418812,Indo Era,Women Black & White Bandhani Print Straight Kurta,1599.0,22,35178.0
19688180,KALINI,Women Pink Floral Printed Keyhole Neck Floral Georgette Kurta,1499.0,11,16489.0
19027402,Jompers,Men Mustard Yellow Ethnic Motifs Embroidered Mirror Work Pure Cotton Kurta with Pyjamas,874.0,6,5244.0
18925432,Indo Era,Women Green Sequinned Kurta with Palazzos & With Dupatta,1403.0,14,19642.0
18997222,IRIDAA JAIPUR,Women Blue Beige Floral Printed Pure Cotton Kurta with Palazzos,1319.0,3,3957.0
19027362,Jompers,Men Black Embroidered Chikankari Pure Cotton Kurta with Churidar,1124.0,61,68564.0
18946592,Indian Virasat,Women Peach-Coloured Ethnic Motifs Printed Pure Cotton Kurta with Trousers,839.0,9,7551.0
19027352,Jompers,Men Green Ethnic Motifs Kurta with Churidar,747.0,104,77688.0
17754514,Indo Era,Women Purple Floral Embroidered Kurta with Trousers & With Dupatta,1699.0,91,154609.0
13781254,Sangria,Women Red & Golden Ethnic Motifs Printed Pure Cotton Kurta with Trousers,2199.0,295,648705.0
13771276,Nayo,Women Green Printed Kurta with Palazzos & Dupatta,3999.0,35,139965.0
17754686,ADIVA,Girls Yellow Floral Printed Angrakha Gotta Patti Pure Cotton Kurti with Sharara,2999.0,25,74975.0
19027424,Jompers,Men Yellow Angrakha Kurta with Pyjamas,747.0,151,112797.0
19027432,Jompers,Men Peach-Coloured Ethnic Motifs Embroidered Chikankari Dupion Silk Kurta with Pyjamas,1109.0,35,38815.0
15189724,VASTRAMAY,Boys Gold-Toned Solid Silk Blend Regular Kurta With Pyjamas,737.0,62,45694.0
19027420,Jompers,Men Black Embroidered Mirror Work Kurta with Pyjamas,874.0,10,8740.0
14325388,Anouk,Women Peach-Coloured Pure Cotton Ethnic Motifs Print Pleated Kurta with Palazzos,2899.0,99,287001.0
17090208,Anouk,Women Maroon Solid V-Neck Straight Kurta with Trousers,3399.0,100,339900.0
13446422,Biba,Women Cream-Coloured Motifs Print Panelled Cotton Kurta with Churidar & Dupatta,2997.0,749,2244753.0
22198236,MALHAAR,Geometric Print Mandarin Collar Top,689.0,6,4134.0
2184914,SUGAR,Smudge Me Not Liquid Matte Lipstick with Vitamin E 4.5 ml - Greige Rage 11,434.0,76,32984.0
16873660,Peter England,Men Maroon Cotton Track suits,1049.0,22,23078.0
18273822,Dreamz by Pantaloons,Women Grey & White Striped Cotton Lounge Shorts,489.0,15,7335.0
13478370,Jack & Jones,Men Navy Blue Solid Polo Collar Lounge T-shirt,1199.0,10,11990.0
22492614,U.S. Polo Assn.,Men Brand Logo Printed Pure Cotton Lightweight Lounge T-Shirt,664.0,19,12616.0
13428018,ETC,Women Brown & Navy Blue Pure Cotton Striped Lounge T-Shirt,559.0,189,105651.0
19235554,ANNA CREATIONS,Gold-Plated Gold-Toned & Beaded A-Alphabet  Mangalsutra,899.0,16,14384.0
15898082,Bailey sells,Blue Printed Maxi Nightdress,696.0,5,3480.0
22721938,Sweet Dreams,Khaki Floral Printed Pure Cotton Maxi Nightdress,999.0,5,4995.0
17832728,Dreamz by Pantaloons,Typography Printed T-shirt Nightdress,699.0,12,8388.0
20441812,Kanvin,Women Black Solid Maxi Nightdress,2499.0,5,12495.0
17288308,KID1,Girls Navy Blue & Pink Printed Pure Cotton Night suit,1499.0,16,23984.0
18209958,Sweet Dreams,Men Black Solid Casual Night suit,2099.0,13,27287.0
15973760,Zoom Minimondo,Unisex Kids Magenta & Blue Pure Cotton Night suit,402.0,10,4020.0
16512022,MASQ,Men Pack Of 3 Solid 4-Ply Reusable Pure Cotton Cloth Masks,223.0,35,7805.0
17359602,Swiss Design,Pack Of 20 Assorted 5-Ply Anti-Pollution N95 Masks,225.0,2,450.0
15749326,W,Women Maroon Solid Crinkled Effect Cropped Ethnic Pure Cotton Palazzos,740.0,24,17760.0
17309754,Clora Creation,Women Red Rayon Palazzos,494.0,61,30134.0
17361920,Indo Era,Women Navy Blue Solid Straight Palazzos,557.0,23,12811.0
17307424,Clora Creation,Women Set of 2 Multi Palazzos,983.0,3,2949.0
17321108,TAG 7,Women Maroon Hem Design Flared Fit Palazzos,552.0,19,10488.0
17288460,Cutiekins,Girls Off White Solid Knitted Linen Palazzos,450.0,26,11700.0
17309774,Clora Creation,Women Pack Of 2 Navy Blue & White Knitted Palazzos,799.0,6,4794.0
15114984,Go Colors,Women White Ethnic Palazzos,899.0,53,47647.0
15782402,BEARDO,Beardo Set of God Father & Dark Side Eau De Parfum 100 ml Each,864.0,153,132192.0
15715190,Salona Bichona,Set Of 2 White & Pink Floral Printed Pure Cotton Pillow Covers,249.0,12,2988.0
15720606,Rubans,Gold-Plated Contemporary Boho Finger Ring,415.0,6,2490.0
15294314,Zaveri Pearls,Set of 2 Rose Gold Plated CZ-Studded Contemporary Rings,359.0,27,9693.0
16254760,Zaveri Pearls,Set Of 3 Gold-Plated White & Green Kundan-Studded & Beaded Meenakari Finger Rings,2250.0,504,1134000.0
10018911,SEJ by Nisha Gupta,Multicoloured Printed Table Runner,554.0,13,7202.0
15679734,John Karsun,Men Black Comfort Sandals,693.0,10,6930.0
10044165,Coolers,Men Black Solid Sandals,799.0,18,14382.0
17696210,Yellow Bee,Boys White & Black Comfort Sandals,424.0,15,6360.0
12932560,Eego Italy,Men Tan Brown Shoe-Style Sandals,989.0,6,5934.0
19183770,Crocs,Unisex Multicoloured Classic Spray Dye Croslite Clogs,2636.0,21,55356.0
18949542,Red Chief,Men Tan & Black Leather Comfort Sandals,1549.0,32,49568.0
15725544,SALWAR STUDIO,Women Navy Blue & Green Printed Padded Cotton Readymade Saree Blouse,1813.0,12,21756.0
14654046,SALWAR STUDIO,Women Silver-Coloured Embroidered Readymade Saree Blouse,2197.0,12,26364.0
19698082,Mitera,Women Cream-Coloured & Green Floral Silk Blend Banarasi Saree,2599.0,6,15594.0
17314272,Saree mall,Mint Green & Gold Solid Linen Blend Taant Sarees,4799.0,12,57588.0
21425266,Satrani,Woven Design Zari Banarasi Saree,4699.0,242,1137158.0
18462146,KALINI,Women Navy Blue Sarees,1599.0,10,15990.0
18465340,Silk Land,Beige & Orange Floral Printed Pure Cotton Jamdani Saree,4125.0,15,61875.0
17292364,Mitera,Mustard & Gold-Toned Striped Zari Leheriya Saree,1007.0,18,18126.0
17292330,Mitera,Maroon & Beige Floral Pochampally Saree,1103.0,11,12133.0
16287654,Saree mall,Navy Blue Floral Linen Blend Banarasi Saree,1024.0,359,367616.0
16287830,Saree mall,Black Floral Linen Blend Banarasi Saree,983.0,12,11796.0
16287764,Saree mall,Purple Silk Cotton Banarasi Saree,1343.0,129,173247.0
14975360,KALINI,Yellow & Green Ethnic Motifs Fusion Saree,599.0,1194,715206.0
19823504,VAIRAGEE,Black Embellished Sequinned Celebrity Saree,1699.0,19,32281.0
16293500,BELLEZIYA,Women Blue & White Printed Scarf,437.0,3,1311.0
16293432,BELLEZIYA,Women Blue & White Tie & Dye Dyed Scarf,524.0,6,3144.0
14487194,Lotus Botanicals,Ginger Root Dandruff-Control Shampoo with Tea Tree Oil 300 ml,247.0,45,11115.0
14472340,Earth Rhythm,Milk Protein Shampoo Bar  80g,284.0,21,5964.0
16779444,FIXDERMA COSMETIC LABORATORIES,Women Strengthening Hair Conditioner - 300ml,1250.0,5,6250.0
15880308,Sirona,Aloevera Post Shave Gel & Twin Blade Disposable Razor Combo,285.0,7,1995.0
17332192,KISAH,Men Beige & Green Woven-Design Sherwani Set,4977.0,3,14931.0
17332220,KISAH,Men Cream-coloured & Grey Printed Cotton Sherwani Set,6317.0,8,50536.0
18719236,SPYKAR,Men Blue Slim Fit Faded Casual Shirt,1499.0,12,17988.0
18960048,The Indian Garage Co,Men White & Beige Striped Casual Shirt,507.0,128,64896.0
18960188,The Indian Garage Co,Men White & Charcoal Grey Printed Cotton Casual Shirt,454.0,35,15890.0
18960016,The Indian Garage Co,Men Cream-Coloured Solid Casual Shirt,454.0,102,46308.0
18996778,U.S. Polo Assn.,U S Polo Assn Men Blue Gingham Checks Patch Pocket Checked Casual Shirt,1559.0,10,15590.0
18996772,U.S. Polo Assn.,U S Polo Assn Men Coral and Blue Striped 100% Cotton Casual Shirt,1399.0,10,13990.0
18960086,The Indian Garage Co,Men Green Slim Fit Horizontal Stripes Casual Shirt,454.0,23,10442.0
18960098,The Indian Garage Co,Men Black & White Printed Casual Cotton Shirt,419.0,5,2095.0
18971858,Sztori,Men Plus Size Printed Casual Shirt,701.0,43,30143.0
17304036,SPYKAR,Men Red and Navy Blue Tartan Checked Pure Cotton Slim Fit Casual Shirt,2199.0,26,57174.0
17377642,Roadster,The  Lifestyle Co Men Navy Blue Checked Pure Cotton Casual Shirt,1499.0,94,140906.0
18463946,Lee,Men Pink Slim Fit Tartan Checks Checked Casual Shirt,2399.0,15,35985.0
13621622,U.S. Polo Assn.,Men Blue Regular Fit Printed Casual Shirt,2399.0,41,98359.0
13480184,Flying Machine,Men White & Grey Regular Fit Printed Casual Shirt,1699.0,25,42475.0
17719808,Louis Philippe Jeans,Men Green & White Slim Fit Tartan Checked Pure Cotton Casual Shirt,2199.0,18,39582.0
18759238,HERE&NOW,Women Yellow And Black Polka Dot Printed Casual Shirt,741.0,32,23712.0
20394602,Cantabil,Men Black Solid Cotton Formal Shirt,1999.0,38,75962.0
13672974,WROGN,Men White & Red Regular Fit Checked Casual Shirt,2599.0,250,649750.0
13694492,Ecentric,Men Cream-Coloured Slim Fit Eco-Friendly Hemp Casual Sustainable Shirt,1624.0,22,35728.0
21388884,French Connection,Slim Fit Striped Cotton Casual Shirt,2199.0,58,127542.0
13681812,Ecentric,Men Blue Slim Fit Solid Eco-Friendly Hemp Casual Sustainable Shirt,1624.0,5,8120.0
21396820,Jack & Jones,Men Slim Fit Printed Casual Shirt,3499.0,15,52485.0
16042682,Nautica,Men Navy Blue Printed Casual Shirt,1799.0,15,26985.0
14519404,The Indian Garage Co,Men Khaki Casual Shirt,489.0,117,57213.0
18996754,U.S. Polo Assn.,U S Polo Assn Men Brown Tartan Checks Checked Pure Cotton Casual Shirt,1299.0,9,11691.0
18927466,U.S. Polo Assn.,U S Polo Assn Men Blue Casual Shirt,1149.0,69,79281.0
17296250,CAVIO,Boys Green & Black Colourblocked Casual Shirt,864.0,20,17280.0
17280264,HIGHLANDER,Men Sea Green & Pink Slim Fit Printed Cotton Casual Shirt,491.0,1246,611786.0
17355950,Mast & Harbour,Men Coral Orange Solid Pure Cotton Casual Shirt,519.0,78,40482.0
17313694,JAINISH,Men Coral Solid Classic Cotton Formal Shirt,579.0,5,2895.0
17356740,Mast & Harbour,Men Navy Blue Pure Cotton Striped Casual Shirt,512.0,99,50688.0
17363588,JAINISH,Men Navy Blue & White Printed Formal Shirt,449.0,4,1796.0
17307612,Louis Philippe Jeans,Men Blue Slim Fit Checked Casual Cotton Shirt,1539.0,23,35397.0
17345842,JC Collection,Women Blue Abstract Printed Casual Shirt,1924.0,12,23088.0
17322090,JAINISH,Men Grey Classic Pure Cotton Formal Shirt,545.0,18,9810.0
17354282,JAINISH,Men Navy Blue Classic Formal Shirt,549.0,23,12627.0
17278954,KETCH,Men Grey Solid Slim Fit Cotton Casual Shirt,474.0,79,37446.0
17289046,Roadster,The  Lifestyle Co. Women Pure Cotton Puff Sleeves Casual Shirt,730.0,23,16790.0
17327438,Dream of Glory Inc,Men Pack Of 2 Black & White Casual Shirt,1847.0,6,11082.0
17300314,John Pride,Plus Size Olive Green Casual Cotton Shirt,854.0,11,9394.0
17307656,SIMON CARTER LONDON,Men White Slim Fit Floral Printed Casual Shirt,1119.0,5,5595.0
17313630,JAINISH,Men Blue Classic Formal Shirt,579.0,68,39372.0
17342230,Pepe Jeans,Boys White Printed Casual Shirt,671.0,6,4026.0
17331296,Fabindia,Men Blue Stripes Striped Cotton Casual Shirt,1699.0,5,8495.0
17345374,Pepe Jeans,Men Blue Printed Cotton Casual Shirt,999.0,34,33966.0
17355884,Mast & Harbour,Men Green & Navy Blue Checked Pure Cotton Casual Shirt,699.0,167,116733.0
17322122,JAINISH,Men Blue & White Classic Printed Formal Shirt,479.0,2,958.0
17293106,DressBerry,Women Pink & White Slim Fit Floral Printed Casual Shirt,591.0,622,367602.0
17342236,Pepe Jeans,Boys Yellow & Blue Cotton Checked Casual Shirt,671.0,16,10736.0
17322136,JAINISH,Men Blue Classic Pure Cotton Formal Shirt,545.0,5,2725.0
17375000,ColorPlus,Men Red Printed Casual Shirt,1151.0,15,17265.0
17355886,Mast & Harbour,Men Regular Fit Tartan Checks Casual Shirt,499.0,31,15469.0
18045128,Gini and Jony,Boys Blue Classic Floral Printed Casual Shirt,540.0,6,3240.0
17289100,Roadster,The  Life Co. Spread Collar Pure Cotton Casual Shirt,854.0,7,5978.0
17313676,JAINISH,Men Burgundy Classic Smart Slim Fit Formal Shirt,584.0,11,6424.0
17302022,Pantaloons Junior,Boys Blue Solid Cotton Casual Shirt,687.0,77,52899.0
17313952,KETCH,Men Navy Blue & Red Slim Fit Checked Casual Shirt,369.0,101,37269.0
17352294,Mast & Harbour,Men Black Solid Slim Fit Cotton Linen Casual Shirt,776.0,195,151320.0
22326558,Dennis Lingo,Spread Collar Slim Fit Tartan Checked Pure Cotton Casual Shirt,599.0,26,15574.0
18960146,The Indian Garage Co,Men Dusty Pink Printed Casual Cotton Shirt,454.0,61,27694.0
18970712,Tommy Hilfiger,Boys Corduroy Casual Shirt,1979.0,10,19790.0
18960126,The Indian Garage Co,Men Peach-Coloured Printed Casual Cotton Shirt,454.0,21,9534.0
18960118,The Indian Garage Co,Men Rust Orange Floral Print Cotton Casual Shirt,507.0,12,6084.0
18970848,Tommy Hilfiger,Boys Green & Blue Tartan Checks Pure Cotton Casual Shirt,1679.0,14,23506.0
18969276,Ruhaans,Women Black Classic Casual Shirt,643.0,14,9002.0
18946970,YOVISH,Men Charcoal Smart Slim Fit Casual Shirt,3499.0,4,13996.0
18959846,bigbanana,Men Olive Green Classic Tartan Checks Casual Plus Size Shirt,911.0,11,10021.0
13692666,M&H Our Water,Men Blue Sustainable Casual Shirt,1899.0,51,96849.0
13692652,M&H Our Water,Men Rust Brown & Off-White Slim Fit Checked Sustainable Casual Shirt,2499.0,78,194922.0
13768790,Nautica,Men Blue & White Slim Fit Printed Smart Casual Shirt,3299.0,40,131960.0
13453254,DENNISON,Men Mauve Smart Slim Fit Solid Cotton Linen Casual Shirt,2199.0,7,15393.0
18450788,Nautica,Men Teal Blue And White Slim Fit Micro Checked Pure Cotton Casual Shirt,4299.0,118,507282.0
18690268,Dennis Lingo,Men Slim Fit Tropical Casual Shirt,1999.0,5,9995.0
13770578,Nautica,Men Blue & Grey Checked Classic Fit Casual Shirt,2799.0,53,148347.0
13675502,Flying Machine,Men Teal Blue & Yellow Regular Fit Checked Casual Shirt,1799.0,108,194292.0
18734674,Flying Machine,Men Solid Cotton Linen Casual Shirt,999.0,18,17982.0
13775106,RARE RABBIT,Men Black Regular Fit Solid Casual Shirt,3299.0,63,207837.0
13470886,Roadster,The  Lifestyle Co Greenturn Women Teal Blue Solid Longline ECOVERO Sustainable Shirt,1399.0,203,283997.0
13722850,Roadster,X Discovery Adventures Women Olive Green Opaque Casual Shirt,999.0,39,38961.0
13675482,Flying Machine,Men Green & Black Regular Fit Checked Casual Shirt,1799.0,44,79156.0
18443082,Marks & Spencer,Women Blue & White Pure Cotton Striped Longline Shirt,1699.0,19,32281.0
20042586,Flying Machine,Men Off White Standard Slim Fit Printed Pure Cotton Casual Shirt,1799.0,140,251860.0
20308616,Arrow,Men Maroon Original Slim Fit Pure Cotton Casual Shirt,2499.0,64,159936.0
20009218,Peter England,Men Off White Slim Fit Striped Formal Shirt,2299.0,28,64372.0
20308496,Arrow,Men Black Original Slim Fit Pinstripes Opaque Pure Cotton Formal Shirt,2499.0,70,174930.0
20042696,Flying Machine,Men White Standard Slim Fit Solid Casual Shirt,1999.0,102,203898.0
20308670,Arrow,Men Self-Checked Original Slim Fit Formal Shirt,1199.0,64,76736.0
19999300,Dennis Lingo,Men Navy Blue Slim Fit Tartan Checked Casual Shirt,2499.0,16,39984.0
19822716,Oxolloxo,Men Beige Classic Animal Semi Sheer Printed Casual Shirt,1849.0,6,11094.0
20308620,Arrow,Men Blue Original Slim Fit Grid Tattersall Checks Opaque Pure Cotton Formal Shirt,2499.0,59,147441.0
18960194,The Indian Garage Co,Men White Printed Casual Cotton Shirt,349.0,73,25477.0
19276504,Turtle,Men Beige Printed Cotton Slim Fit Casual Shirt,839.0,7,5873.0
19299798,Louis Philippe,Men Navy Blue Solid Slim Fit Formal Shirt,2519.0,32,80608.0
18903374,Levis,Women Blue Pure Cotton Casual Shirt,2079.0,168,349272.0
18947596,KASSUALLY,Women Green Slim Fit Denim Outdoor Denim Shorts,593.0,9,5337.0
18946864,Cub McPaws,Girls Yellow Printed Shorts,699.0,20,13980.0
18921438,Gini and Jony,Boys Black Denim Outdoor Shorts,959.0,28,26852.0
13624708,Nike,Men Black Solid Standard Fit CHALLENGER DRI FIT Running Sports Shorts,1795.0,376,674920.0
18645102,DChica,Girls Black Skinny Fit High-Rise Cycling Shorts,599.0,16,9584.0
13695234,HRX by Hrithik Roshan,"HRX By Hrithik Roshan Women Medieval Blue,Wild Lime,Wet Weather Colourblock Regular Fit Bio-Wash Lifestyle Shorts",1049.0,150,157350.0
13610026,HRX by Hrithik Roshan,HRX By Hrithik Roshan Men Black Forest & Golden Poppy Colourblock Regular Fit Rapid-Dry Antimicrobial Running Shorts,1139.0,84,95676.0
14561272,ASICS,Court M 7In   Men Black Solid Mid-Rise Tennis Shorts,1149.0,5,5745.0
14494548,CUTECUMBER,Girls Pack Of 2 Printed Mid-Rise Regular Shorts,650.0,11,7150.0
14496210,CUTECUMBER,Girls Pack of 2 Floral Printed Mid-Rise Regular Shorts,650.0,46,29900.0
18942852,FITINC,Women Blue Skinny Fit High-Rise Training or Gym Sports Shorts with Antimicrobial Technology,449.0,14,6286.0
18650484,CLUB A9,Women Pink Floral Printed Shorts,321.0,14,4494.0
19024468,Blackberrys,Men Pure Cotton Printed Slim Fit Shorts,1017.0,9,9153.0
17333612,UNDER ARMOUR,Women Mustard Yellow Play Up 3.0 Colourblocked Shorts,1874.0,10,18740.0
17332648,Tommy Hilfiger,Women Red & Navy Blue Printed Chino Shorts,1499.0,9,13491.0
15177608,HRX by Hrithik Roshan,Boys Green Shorts,979.0,61,59719.0
18947600,KASSUALLY,Women White Printed Slim Fit High-Rise Denim Outdoor Hot Pants Shorts,645.0,38,24510.0
18658050,Allen Solly,Men Brown Printed Slim Fit Shorts,1079.0,13,14027.0
13572038,Shae by SASSAFRAS,Women Green & Red Pure Cotton Printed Maxi Tiered Skirt,799.0,51,40749.0
17367638,Berrylush,Navy Blue Self-Design Bling it On Skirt,983.0,16,15728.0
17306258,Purple Feather,Women Solid Midi Pencil Skirt,434.0,81,35154.0
17332132,Mayra,Women Pink Solid Accordion Pleated Flared Maxi Skirt,568.0,13,7384.0
17367634,Berrylush,Black Animal Printed Wrap it Up Skirt,363.0,43,15609.0
17745816,Lancer,Men Navy Blue Textile Running Non-Marking Shoes,1999.0,6,11994.0
17631178,Slazenger,Men White Woven Design Walking Shoes,3599.0,127,457073.0
13686682,Campus,Women White Mesh Walking Shoes,751.0,452,339452.0
14480064,AfroJack,Men Black Textile Long Distance Running Non-Marking Shoes,799.0,46,36754.0
10667394,Campus,Men Navy Blue Mesh Madrid Running Shoes,944.0,35,33040.0
20071104,ADIDAS,Men Striped Amalgo M Running Shoes,2794.0,149,416306.0
20072084,ADIDAS,Women Woven Design Runfalcon 3.0 Running Shoes,3599.0,22,79178.0
20071622,ADIDAS,Men Woven Design Znchill Running Shoes,7199.0,21,151179.0
20071558,ADIDAS,Men Striped Pep Run M Running Shoes,2339.0,231,540309.0
20071402,ADIDAS,Men Rokr Trail Trekking Shoes,4599.0,149,685251.0
20070948,ADIDAS,Men Hitrail Mid WPN Trekking Shoes,5999.0,52,311948.0
20070966,ADIDAS,Men Colourblocked Hikelacer Trekking Shoes,2879.0,36,103644.0
20075460,UCLA,Men Olive Green Mesh Walking Non-Marking Shoes,1091.0,3,3273.0
20071236,ADIDAS,Unisex Printed Predator Accuracy.4 Football Shoes,5299.0,57,302043.0
22054912,UNDER ARMOUR,Men Woven Design HOVR Infinite 4 Running Shoes,13499.0,18,242982.0
14208408,TRASE,Boys Navy Blue & White Sand-I Running Shoes,999.0,20,19980.0
11441718,Duke,Men Black & Red Woven Design Running Shoes,2695.0,50,134750.0
19324484,ELEVAR,Men ARC RACER All Purpose Sports Shoes,6490.0,6,38940.0
11627996,Yuuki,Men Black Mesh Running Shoes,2999.0,56,167944.0
11963938,FAUSTO,Men Grey Mesh Walking Shoes,899.0,8,7192.0
19334944,ELEVAR,Men Black FLYBOLT Running Sports Shoes,5490.0,11,60390.0
11986876,FAUSTO,Men Blue Mesh Walking Shoes,899.0,9,8091.0
19334760,ELEVAR,Women Grey HYPERFLO Training & Gym Sports Shoes,5490.0,4,21960.0
19334942,ELEVAR,Men Grey FLYBOLT Running Sports Shoes,5490.0,6,32940.0
13484354,Puma,Women Black Eternity Nitro Running Shoes,12999.0,19,246981.0
11960808,Campus,Men Navy Blue Running Shoes,659.0,76,50084.0
19102564,Puma,Men Fluorescent Green Velocity Nitro 2 Running Shoes,11999.0,58,695942.0
11400234,Yuuki,Men Charcoal Grey Mesh Walking Shoes,2499.0,38,94962.0
14323336,TRASE,Women Pink & Yellow Mesh Running Shoes,1299.0,23,29877.0
19402102,U.S. Polo Assn.,Men Off White CRESK Walking Shoes,4999.0,124,619876.0
14208394,TRASE,Boys Black & White Relax-I Running Shoes,999.0,13,12987.0
16880520,PUMA Hoops,Men Red Triple Mid Basketball Shoes,4049.0,24,97176.0
18356356,Nautica,Men Colourblocked & Woven Design Running Shoes,2199.0,109,239691.0
18906230,Skechers,Women Black GO WALK STRETCH FIT-SPECIAL D Shoes,4499.0,127,571373.0
18373464,ADIDAS,Men Black Woven Design Hailcon Running Shoes,3599.0,113,406687.0
16824638,Puma,Women Purple Electrify Nitro Turn Running Shoes,4999.0,14,69986.0
18374802,ADIDAS,Women Black Woven Design SL20 X Marimekko Running Shoes,12999.0,21,272979.0
16824670,Puma,Women Black Run XX Nitro Running Shoes,5499.0,31,170469.0
18374200,ADIDAS,Men Black & White Woven Design Ultraboost 5.0 DNA Running Shoes,10199.0,15,152985.0
18374286,ADIDAS,Men White & Maroon Mickey Mouse Print Grand Court Tennis Shoes,3599.0,22,79178.0
18382842,WROGN ACTIVE,Men Grey & Orange Woven Design Walking Shoes,1439.0,142,204338.0
18373646,ADIDAS,Men Black Woven Design Immute Running Shoes,2469.0,319,787611.0
18373380,ADIDAS,Men Grey Woven Design Adi Dash Running Shoes,3119.0,73,227687.0
16864474,Puma,Men Orange & White Spike 22.2 Cricket Shoes,5599.0,3,16797.0
18374978,ADIDAS,Women White Solid Courtpoint Tennis Shoes,3249.0,94,305406.0
18906226,Skechers,Women Black GO WALK 4-ARRAY Shoes,3899.0,93,362607.0
18374614,ADIDAS,Women Navy Blue & Orange Ultraboost 22 X Marimekko Running Shoes,14249.0,11,156739.0
16305908,Campus,Unisex Kids Navy Blue Mesh Running Shoes,1259.0,23,28957.0
16279696,Forever Glam by Pantaloons,Women Yellow Textile Running Non-Marking Shoes,1053.0,6,6318.0
13072098,Puma,Unisex Grey Orange Flash Running Shoes,2474.0,7,17318.0
19298764,Campus,Unisex Kids Yellow Mesh Running Shoes,909.0,71,64539.0
17609480,IDEE,Women Purple Lens & Silver-Toned Square Sunglasses with UV Protected Lens IDS2783C3SG,3480.0,5,17400.0
18430170,Roadster,The  Lifestyle Co. Women Geometric Self Design Pullover,1499.0,64,95936.0
10349091,Monte Carlo,Men Mustard Yellow & Off-White Self Design Sweater,1420.0,9,12780.0
20033282,RVK,Women Navy Blue Ribbed Pullover,799.0,3,2397.0
10135715,Mast & Harbour,Women Red Solid Pullover Sweater,511.0,213,108843.0
21296678,Marks & Spencer,Women Acrylic Printed Pullover,3399.0,22,74778.0
20721298,Juniors by Lifestyle,Girls Peach With Embellished Detail Sweater,599.0,9,5391.0
19432310,Marks & Spencer,Men Teal Blue Solid Pullover,3999.0,14,55986.0
11843058,MANGO,Women Mustard Yellow Self Design Pullover Sweater,2590.0,9,23310.0
14279418,Harvard,Women White & Navy Blue Striped Pullover,1799.0,48,86352.0
14335774,INVICTUS,Men Black Solid Pullover,1699.0,205,348295.0
20712132,Trendyol,Women Purple Acrylic Pullover Sweater,3599.0,5,17995.0
11990920,Roadster,Women Pink Self Design Turtle Neck Pullover Sweater,1699.0,179,304121.0
19055422,Monte Carlo,Women Black Cardigan,2080.0,18,37440.0
14280312,Harvard,Men Burgundy Solid Pullover Sweater,1999.0,175,349825.0
19432716,Marks & Spencer,Men Navy Blue & Brown Pure Cotton Geometric Self Design Pullover,2999.0,9,26991.0
14335776,INVICTUS,Men Olive Green Cable Knit Pullover,2199.0,345,758655.0
11990978,Roadster,Women Red & Grey Melange Abstract Self Design Pullover Sweater,1999.0,302,603698.0
11972948,Mast & Harbour,Men Navy Blue & Grey Melange Colourblocked Pullover,1599.0,213,340587.0
11990952,Roadster,Women Red Ribbed Pullover Sweater,1699.0,449,762851.0
14280306,Harvard,Men Olive Green & Blue Striped Pullover Sweater,2399.0,72,172728.0
14280286,Harvard,Men Grey Melange Acrylic Chevron Pattern Pullover,1999.0,54,107946.0
14279412,Harvard,Women Grey Extended Sleeve Pullover,1899.0,47,89253.0
18241626,Roadster,The  Lifestyle Co. Women Maroon & Black Ribbed Acrylic Sweater,645.0,25,16125.0
18241400,Roadster,Women Black & White Geometric Pullover Sweater,944.0,57,53808.0
18241644,Roadster,The  Lifestyle Co. Women Pink Acrylic Pullover,759.0,55,41745.0
18240570,all about you,Women Navy Blue & Red Checked Pullover,874.0,53,46322.0
18240582,all about you,Women Maroon Cable Knit Pullover,874.0,39,34086.0
18337610,Roadster,Men Navy Blue Self-Striped Cardigan,758.0,32,24256.0
18240902,Mr Bowerbird,Men Solid Pullover,1187.0,31,36797.0
18260060,Mast & Harbour,Men Navy Blue Self Design Front-Open Sweater,818.0,48,39264.0
18241294,Roadster,Women Lavender & Off White Striped Pullover,628.0,90,56520.0
18180102,INVICTUS,Men Navy Blue & White Striped Acrylic Pullover,1103.0,45,49635.0
18241298,Roadster,The  Lifestyle Co. Women Lavender Self-Design Acrylic Sweater,699.0,59,41241.0
18260104,Mast & Harbour,Men Black Solid Cardigan,815.0,62,50530.0
18820948,Tommy Hilfiger,Men White Printed Organic Cotton Sweatshirt,5599.0,24,134376.0
18929536,Mast & Harbour,Men Printed Hooded Sweatshirt,1999.0,95,189905.0
17156676,Thomas Scott,Men Green  Sustainable Sweatshirt,4799.0,20,95980.0
18825046,Tommy Hilfiger,Men Red Printed Hooded Organic Cotton Sweatshirt,4599.0,29,133371.0
17157846,Thomas Scott,Men Blue  Sustainable Sweatshirt,3999.0,10,39990.0
18825174,Tommy Hilfiger,Men Off White Applique Sweatshirt,3359.0,20,67180.0
18929548,Mast & Harbour,Men Mint GreenGraphic Printed Sweatshirt,1599.0,79,126321.0
9867517,ether,Men Green Solid Hooded Sweatshirt,1299.0,416,540384.0
6510138,Roadster,Men Black Solid Hooded Sweatshirt,1999.0,959,1917041.0
18071360,ether,Men Olive Green Solid Hooded Sweatshirt,1399.0,84,117516.0
18825178,Tommy Hilfiger,Men White Brand Logo Printed Hooded Pure Cotton Sweatshirt,4999.0,37,184963.0
18830500,White Snow,Girls Beige Heart Printed Hooded Sweatshirt,1599.0,10,15990.0
9656079,Sztori,Plus Size Men Olive Green  Black Striped Hooded Sweatshirt,2499.0,294,734706.0
20389784,SPYKAR,Men Pink Printed Full Sleeve Hooded Sweatshirt,2999.0,9,26991.0
18820780,Tommy Hilfiger,Men Black Brand Logo Embroidered Round Neck Solid Sweatshirt,4999.0,35,174965.0
18820580,Tommy Hilfiger,Men Navy Blue Solid Hooded Sweatshirt,5599.0,33,184767.0
20389690,max,Women Black Printed Sweatshirt,699.0,8,5592.0
10388101,Allen Solly Woman,Women Black Solid Sweatshirt,899.0,4,3596.0
18723286,Allen Solly Junior,Boys Yellow Spiderman Printed Pure Cotton Sweatshirt,849.0,7,5943.0
17121312,Marks & Spencer,Women Black Solid Bikini Top T527897BBLACK,2249.0,30,67470.0
17844560,DREAM WEAVERZ,Black Wooden Finish Center Table Cover,999.0,7,6993.0
1605539,Kanvin,Beige Thermal Semi-Long Leggings,615.0,76,46740.0
17634528,Sweet Dreams,Women Red Solid Tights,606.0,20,12120.0
18937628,her by invictus,Printed A-Line Top,475.0,29,13775.0
18990292,HILL STREET,Women Fluorescent Green Solid Pure Cotton Tank Crop Top,594.0,15,8910.0
18972748,Zink London,Yellow Geometric Print Top,524.0,7,3668.0
18904492,Levis,Women Sage Green Self Design Slim Fit Regular Top,1133.0,50,56650.0
13583566,Chemistry,Navy Blue Regular Top with Embroidered Detail,1499.0,20,29980.0
18551958,SHECZZAR,Women White & Black Striped Georgette Top,799.0,6,4794.0
13466462,Global Desi,Pink Geometric Printed Slit Sleeves A-line Top,1599.0,11,17589.0
13611204,Roadster,The  Lifestyle Co Pink Open Knit Crochet Knit Blouson Top,1889.0,266,502474.0
18657642,max,Coral Tie-Up Neck Extended Sleeves Top,399.0,6,2394.0
13611420,Roadster,The  Lifestyle Co Mustard Yellow Extended Sleeves Regular Top,1499.0,61,91439.0
13573344,Roadster,The  Lifestyle Co Black Solid Pure Cotton Regular Top,699.0,280,195720.0
13616586,MAGRE,Magre Women Red & Black Printed Puff Sleeves Gathered Bralette Crop Top,1590.0,16,25440.0
20222156,CODE by Lifestyle,Solid V-Neck Top,799.0,47,37553.0
20405594,AAHWAN,White Bralette Crop Top,999.0,166,165834.0
20222142,CODE by Lifestyle,Solid Cotton Puff Sleeves Top,499.0,40,19960.0
20092320,Forever New,Women Black Solid Keyhole Neck Top,3200.0,26,83200.0
20222144,CODE by Lifestyle,Self Design Top,1599.0,10,15990.0
14538300,Friskers,Grey Tank Top,379.0,10,3790.0
22151840,FabAlley,Bell Sleeves A-Line Top,1800.0,27,48600.0
18601474,BUY NEW TREND,Maroon Self Design Sequined Regular Top,1399.0,5,6995.0
18478530,Paralians,White Print  peplum Top,999.0,454,453546.0
18639246,Jockey,Women Red Sleeveless Solid Tank Top,329.0,139,45731.0
18389746,Ginger by Lifestyle,Blue Ribbed Top,499.0,15,7485.0
17763368,Honey by Pantaloons,Off White Sweetheart Neck Crop Top,1299.0,7,9093.0
17628058,Maishi,Black Cotton Slub Regular Top,1599.0,7,11193.0
17628394,ONLY,Women Yellow V-Neck Boxy Crop Top,2499.0,25,62475.0
4441374,Mayra,Women White Solid Top,328.0,24,7872.0
17178948,FOREVER 21,Women Grey Solid Cloud Wash Crop Cotton Tank Top,524.0,11,5764.0
17132266,Athena,Women Attractive Lime Green Solid Halter Neck Top,539.0,10,5390.0
19017874,DressBerry,Ribbed Fitted Top,384.0,125,48000.0
17108782,DressBerry,Women Brown Solid Wrap Crop Top,454.0,78,35412.0
17108574,4WRD by Dressberry,Black Solid Noughties Spaghetti Top,431.0,68,29308.0
17253026,Athena,Green Floral Print Blouson Top,509.0,113,57517.0
22649882,IUGA,Notched Neck Short Sleeves Crop Top,558.0,6,3348.0
2511559,Disney by Wear Your Mind,Girls Pack of 2 Printed Tops,1998.0,14,27972.0
18879656,MANGO,Women Pink Solid Top,1990.0,165,328350.0
18626976,ONLY,Pink & Blue Floral Print Crop Top,2299.0,78,179322.0
19018090,DressBerry,Burgundy Pure Cotton Solid Top,799.0,102,81498.0
18972770,Zink London,Coral Solid Puff Sleeve Regular Top With Cut Out,454.0,11,4994.0
17121092,Marks & Spencer,Women White & Peach-Coloured Linen Checked Wrap Top,2999.0,16,47984.0
19018146,DressBerry,Women Green Solid Scoop Neck Fitted Top,899.0,110,98890.0
17268524,H&M,Women Brown Halter Neck Cropped Top,699.0,203,141897.0
18854764,KAMI KUBI,Olive Green Striped Top,1299.0,4,5196.0
18904472,Levis,Off White Mandarin Collar High Low Shirt Style Top,1839.0,44,80916.0
17124636,H&M,Women Grey Pure Cotton Cropped Top,799.0,25,19975.0
17255462,NEUDIS,Women Satin Green Embillished Solid A-Line Top,1499.0,71,106429.0
17120826,Hancock,Maroon & Navy Blue Checked Mandarin Collar Top,1999.0,52,103948.0
18998684,KALINI,Blue & legion blue Floral Print Indigo Shoulder Strap Peplum Top,1999.0,20,39980.0
18814970,Berrylush,Maroon Solid Resort Wear Top,1299.0,75,97425.0
18980478,DEBONATELLA,White Print Ruffles Crepe Top,600.0,2,1200.0
17270406,Mafadeny,Grey Shirt Style Top,1649.0,3,4947.0
18900376,DressBerry,Coffee Brown Pure Cotton Solid Top,699.0,332,232068.0
17257582,FableStreet,Blue Pure Cotton Top,1795.0,37,66415.0
17255498,NEUDIS,Beige Keyhole Neck Satin Top,1499.0,44,65956.0
22747068,Madame,Typography Printed Cotton Shirt Style Top,1399.0,5,6995.0
19017944,DressBerry,Rust Tank Top,799.0,94,75106.0
17114132,HERE&NOW,Women Black Fitted Crop Top,999.0,51,50949.0
18948348,Madame,Navy Blue Print Crop Top,1899.0,11,20889.0
17255876,Cutiekins,Girls Peach-Coloured Crepe Pleated Top,1099.0,10,10990.0
4380622,Bhama Couture,Women Black Solid Peplum Top,1799.0,15,26985.0
17944580,ONLY,Multicoloured Floral Print Top,2299.0,76,174724.0
8330413,ESPRIT,Women Black Printed Shimmery Top,2799.0,4,11196.0
7206166,Mayra,Women Yellow Printed Top,895.0,34,30430.0
9540499,Marie Claire,Women Yellow Printed Top,1499.0,31,46469.0
18944780,Miaz Lifestyle,Pack of 2 Peach-Coloured & Red Tops,629.0,3,1887.0
20383782,Chemistry,Solid Pure Cotton Corduroy Top,1299.0,17,22083.0
17889776,CHIMPAAANZEE,White Striped Extended Sleeves Peplum Top,699.0,13,9087.0
9100721,Globus,Women Black Self Design Semi-Sheer Top,1199.0,29,34771.0
18001072,Harpa,Maroon & White Geometric Print Top,1299.0,14,18186.0
17938374,CODE by Lifestyle,White & Turquoise Blue Floral Print Top,999.0,17,16983.0
8675767,MANGO,Women Purple & White Printed Top,3490.0,15,52350.0
17973634,InWeave,Women Teal Colourblocked Top,2199.0,21,46179.0
7117598,ONLY,Women Black Solid Top,1499.0,40,59960.0
17950198,PURVAJA,Women Solid Pink Round Neck Leg of Mutton Sleeves Crop Top,2199.0,29,63771.0
18847712,KALINI,Beige & old moss green Tie-Up Neck Top,1975.0,9,17775.0
8365569,Nun,Women Navy Blue & White Printed Crop A-Line Top,1495.0,14,20930.0
7581747,Annabelle by Pantaloons,Women Blue Printed Top,899.0,50,44950.0
9818669,Globus,Women Pink Solid Top,999.0,8,7992.0
8367605,Berrylush,Women Grey Solid Bardot Top,1290.0,93,119970.0
7183090,Globus,Women Peach-Coloured Printed Top,1299.0,29,37671.0
9557519,MANGO,Women Yellow Self Design Top,2490.0,1,2490.0
9327149,Belle Fille,Women Grey Melange Solid Crop Top,999.0,4,3996.0
17976710,MANGO,White & Red Pure Cotton Floral Embroidered Top,3590.0,36,129240.0
18780000,Popwings,Yellow & sahara sun Floral Print Chiffon Empire Top,619.0,31,19189.0
7033949,ONLY,Women Blue Striped Top,2299.0,56,128744.0
7461410,Crimsoune Club,Women Navy Blue Solid High-Low Longline Top,1299.0,14,18186.0
8807033,Flying Machine,Women Blue Printed Pure Cotton Top,799.0,14,11186.0
17950208,PURVAJA,Pink Solid Crop Top,2199.0,20,43980.0
14340794,MANGO,Beige Ribbed Fitted Top,2390.0,82,195980.0
19410570,H&M,Women White Printed Cut-Out Top,1499.0,44,65956.0
11811068,Honey by Pantaloons,Women Pink Floral Printed A-Line Top,999.0,15,14985.0
7829467,Oxolloxo,Red & Black Checked Tie-Up Top,1399.0,5,6995.0
17982570,H&M,Women Brown Lacing-Detail Cut-Out Top,999.0,52,51948.0
8675465,MANGO,Women Black Solid Top,2990.0,23,68770.0
17950338,PURVAJA,Women Peach-Coloured Crop Top,2199.0,16,35184.0
11876926,AND,Women Blue Printed Top,1999.0,57,113943.0
11764192,Oxolloxo,Women Silver-Toned Printed Shirt Style Top,1299.0,10,12990.0
11538822,Ajile by Pantaloons,Women Grey Melange Printed Top,599.0,17,10183.0
11878498,DODO & MOA,Women Black Solid Top With Lace Inserts,1290.0,9,11610.0
7326508,MISH,Women Pink Solid Top,1499.0,25,37475.0
586846,Cation,Women Black Top,899.0,11,9889.0
18000968,Harpa,Women Maroon V-Neck Casual Top,1049.0,21,22029.0
18937522,her by invictus,V-Neck Textured Regular Top,454.0,57,25878.0
18962100,Nike,Women Black Brand Logo Printed Dri Fit Top,2495.0,72,179640.0
13748756,Madame,Women Peach-Coloured Self Checked Top,479.0,35,16765.0
22568668,V-Mart,High Neck Puff Sleeves Gathered Georgette Top,449.0,30,13470.0
18974594,SPACES,Red & Blue Cotton Towel Set 500 GSM,1139.0,16,18224.0
18974634,AUSTIVO,Men Navy Blue & White Checked Slim Fit Plus Size Track Pant,759.0,35,26565.0
18970176,Allen Solly Junior,Boys Solid Joggers,1039.0,30,31170.0
18138806,max,Boys Blue Solid Track Pant,599.0,28,16772.0
18670518,max,Girls Pink & White Regular Fit Printed Pure Cotton Joggers,599.0,8,4792.0
17628782,Roadster,The  Lifestyle Co. Women Rust Orange Ribbed Wide Leg Belted Track Pants,1999.0,81,161919.0
17628712,Roadster,Women Olive Green Solid High-Rise Slim Fit Joggers,1799.0,65,116935.0
18537496,Bannos Swagger,Women Grey Solid Joggers,1699.0,5,8495.0
18970196,Allen Solly Junior,Boys Solid Mid-Rise Sports Joggers With Side Taping & Brand Logo Print,749.0,12,8988.0
18970104,Allen Solly Junior,Boys Colourblocked Sports Joggers With Side Taping & Brand Logo Print,749.0,14,10486.0
18688608,Nasher Miles,Jaisalmer Textured Large Trolley Bag,17995.0,8,143960.0
17663904,Pantaloons Junior,Boys Black Pure Cotton Trousers With Belt,849.0,25,21225.0
17760062,H&M,Women Brown Solid Low Waist Flared Twill Trousers,1499.0,608,911392.0
17647372,bebe,Women Black Season Staple High-Rise Parallel Trousers,2899.0,38,110162.0
17760038,H&M,Women Brown Pattern-knit trousers,1299.0,128,166272.0
22323008,Dennis Lingo,Men Slim Fit Chino Trousers,557.0,5,2785.0
19289426,Van Heusen Woman,Women Olive Green Casual Parallel Trousers,1224.0,13,15912.0
10704378,Force NXT,Men Set of 3 Multi-coloured Solid Assorted Trunks MNFF-133-PO3,582.0,5,2910.0
1993251,FCUK,Yellow Attitude Trunks CTR10,349.0,26,9074.0
10019547,XYXX,Men IntelliSoft Antimicrobial Micro Modal Pack of 3 Illuminati Trunks XYTRNK3PCKN371,1029.0,9,9261.0
10591036,Van Heusen,Men Colour Fresh No Ride Up Trunks,529.0,65,34385.0
20042464,XYXX,Men Traq Silver Cotton Trunk,257.0,18,4626.0
12939888,IC4,Men Pack of 2 Assorted Colourblocked Trunks 0YB-RY296P2,625.0,19,11875.0
17352320,ether,Kora Collection Blue Sustainable Naturally Dyed Fabric Solid Pure Cotton T-shirt,1099.0,70,76930.0
17403950,Mast & Harbour,Men Mint Green Typography Printed T-shirt,899.0,200,179800.0
17404018,Mast & Harbour,Men Blue & White Striped Regular Fit T-shirt,999.0,72,71928.0
22143924,Urbano Plus,Size Typography Printed Cotton T-shirt,1099.0,6,6594.0
8901821,UNDER ARMOUR,Men Charcoal Grey Big Logo SS Printed T-shirt,1999.0,64,127936.0
919032,Roadster,Off-White  Black Striped Speckled Pure Cotton T-shirt,899.0,641,576259.0
18817326,Tommy Hilfiger,Men Beige & Navy Blue Striped Pure Cotton T-shirt,2799.0,58,162342.0
8426447,WROGN,Men Navy Blue Striped Henley Neck T-shirt,1599.0,514,821886.0
20355284,Roadster,The  Life Co. Round Neck Raglan Sleeves Typography Printed T-shirt,999.0,74,73926.0
18818696,Tommy Hilfiger,Men White & Black Brand Logo Printed Organic Cotton T-shirt,1999.0,58,115942.0
9213113,Roadster,The  Lifestyle Co Men White Printed Round Neck T-shirt,799.0,994,794206.0
13511732,Puma,Men Black Solid Run Fav 1/4 Zip T-Shirt,3999.0,167,667833.0
13591994,Camey,Men Maroon Solid Round Neck T-shirt,999.0,2,1998.0
21439050,Kappa,Men Typography Printed Cotton T-shirt,599.0,9,5391.0
13615634,U.S. Polo Assn.,Men Red Solid Mandarin Collar T-shirt,1699.0,69,117231.0
13620624,Roadster,The  Lifestyle Co Men White Brand Logo Appliqued Pure Cotton Polo Collar T-shirt,1399.0,154,215446.0
13502414,Puma,Men Navy Blue & White Performance Cat Printed dryCELL Round Neck T-shirt,1499.0,327,490173.0
13621134,Roadster,The  Lifestyle Co Men Rust Brown Solid Applique Polo Collar T-shirt,1399.0,312,436488.0
17686030,Allen Solly Tribe,Men Navy Blue Solid T-shirt,1499.0,23,34477.0
13616400,Arrow New York,Men Beige Printed Round Neck Pure Cotton T-shirt,674.0,13,8762.0
13480864,Aeropostale,Men White Printed Round Neck Pure Cotton T-shirt,1199.0,13,15587.0
13622338,Roadster,The  Lifestyle Co Men Olive Green Solid Round Neck Pure Cotton T-shirt,404.0,54,21816.0
16295686,Miss & Chief,Boys Pack of 3 Printed T-shirt,578.0,7,4046.0
16277914,Parx,Men Black Printed Polo Collar T-shirt,699.0,7,4893.0
16292318,Bewakoof,Men White Printed Pockets T-shirt,549.0,17,9333.0
19201678,Tokyo Talkies,Women Yellow Printed Extended Sleeves Slim Fit T-shirt,293.0,103,30179.0
16923916,Monte Carlo,Women Pack Of 2 Blue & Peach Solid V-Neck Pure Cotton T-shirt,835.0,13,10855.0
10143909,CHKOKKO,Chkokko Men Teal Green Solid Round Neck Training T-shirt,499.0,53,26447.0
20085320,BULLMER,Men Pack of 2 Navy Blue & Turquoise Blue Long Sleeves T-shirt,799.0,12,9588.0
12987894,AMERICAN EAGLE OUTFITTERS,Women White & Yellow Printed Round Neck T-shirt,359.0,5,1795.0
12953958,Allen Solly,Men Maroon Solid Polo Collar Pure Cotton T-shirt,599.0,409,244991.0
22629260,max,Striped Polo Collar Short Sleeves T-shirt,479.0,7,3353.0
19291812,Mad Over Print,Women Black Love Wins Oversize T-shirt,671.0,5,3355.0
19206288,FERANOID,Men Purple Henley Neck Bio Finish T-shirt,599.0,21,12579.0
19264534,Flying Machine,Men Black & White Printed Pure Cotton Slim Fit T-shirt,389.0,102,39678.0
19264536,Flying Machine,Men Rust Orange Melange Pure Cotton Slim Fit T-shirt,506.0,60,30360.0
16287616,Juniper,Lime Green Mandarin Collar Printed Tunic,636.0,346,220056.0
16287462,Juniper,Yellow Mandarin Collar Printed Tunic,740.0,335,247900.0
16293014,Nayo,Navy Blue & Maroon Printed Tunic,683.0,514,351062.0
16293018,Nayo,Black & White Printed Cotton Kurti,683.0,687,469221.0
13721540,Art Street,Set Of 3 Brown & Green Monuments Theme Framed Paintings,560.0,8,4480.0
17716590,Tommy Hilfiger,Women Black Leather Zip Around Wallet,4299.0,39,167661.0
9452773,Louis Philippe,Men Brown Solid Leather Two Fold Wallet,1799.0,401,721399.0
18864968,Lavie,Glossy Sacy Women Pink Animal Textured Zip Around Wallet,1999.0,21,41979.0
9029979,Hidesign,Men Brown Solid Leather Two Fold Wallet,2595.0,8,20760.0
16295388,LOUIS STITCH,Men Brown Leather Two Fold Wallet,1050.0,10,10500.0
17956822,Fossil,Men Black Dial & Leather Straps Dayliner Analogue Watch FS5926,4997.0,7,34979.0
17981742,MVMT,Men Black Raptor Analogue Watch 28000152-D,10416.0,11,114576.0
17697474,Timex,Women White Dial & Gold Toned Analogue Watch TWEL11422,1596.0,8,12768.0
7349545,Fantasy World,Unisex Grey Digital Watch,499.0,119,59381.0
8076639,French Connection,Women Charcoal Grey Analogue Watch FC1317RGM,6250.0,563,3518750.0
21948792,Adwitiya Collection,Women Embellished Dial & Bracelet Style Straps Analogue Watch-ACBW1030,9709.0,7,67963.0
9053317,TIMESMITH,Men Black Analogue Watch TSC-008,2499.0,304,759696.0
2466414,Daniel Klein,Women Brown Analogue Watch DK11467-6,3266.0,940,3070040.0
11791782,CASIO,Youth Digital Women Red Digital Watch I117 DW-291H-1BVDF,3235.0,29,93815.0
19322504,V2A,Girls Blue Printed Dial & Pink Straps Digital Multi Function Watch DK201-Pink,799.0,6,4794.0
8481603,French Connection,Women Silver-Toned Analogue Watch FCN0001B,6250.0,149,931250.0
13698258,KREDO,Men FORTE Silver Automatic Skeleton Analogue Watch-KW039,11890.0,11,130790.0
16896006,GUESS,Women White Patterned Dial & White Straps Analogue Watch GW0359L2,8900.0,22,195800.0
1708108,GIORDANO,Women Rose Gold-Toned Mirrored Analogue Watch FA2052-55,7950.0,5,39750.0
19280114,Fastrack,Men Black Brass Dial & Black Stainless Steel Straps Analogue Watch 3247NM03,2636.0,17,44812.0
18601682,BOLDFIT,Purple Textured Yoga Mat,699.0,161,112539.0
